ACACIA_DOOR,0,"acaciadoorblock,doorblock:acacia"
ACACIA_DOOR_ITEM,0,"acaciadoor,door:acacia"
ACACIA_FENCE,0,"acaciafence,fence:acacia"
ACACIA_FENCE_GATE,0,"acaciafencegate,fencegate:acacia"
ACACIA_STAIRS,0,"acaciastairs,163"
ACTIVATOR_RAIL,0,"activatorrail,157"
AIR,0,"air,nothing,0"
ANVIL,0,"anvil,145"
APPLE,0,"apple,red_apple,redapple,260"
ARMOR_STAND,0,"armorstand"
ARROW,0,"arrow,arrows,262"
BAKED_POTATO,0,"bakedpotato,bakedpotatos,baked_potatos,393"
BANNER,0,"banner"
BARRIER,0,"barrier"
BEACON,0,"beaconblock,138"
BED,0,"bed,355"
BED_BLOCK,0,"bedblock,bed_block,26"
BEDROCK,0,"bedrock,7"
BIRCH_DOOR,0,"birchdoorblock,doorblock:birch"
BIRCH_DOOR_ITEM,0,"birchdoor,door:birch"
BIRCH_FENCE,0,"birchfence,fence:birch"
BIRCH_FENCE_GATE,0,"birchfencegate,fencegate:birch"
BIRCH_WOOD_STAIRS,0,"birchwoodstairs,birchstairs,birch_stairs,135"
BLAZE_POWDER,0,"blazepowder,377"
BLAZE_ROD,0,"blazerod,369"
BOAT,0,"boat,333"
BONE,0,"bone,352"
BOOK,0,"book,books,340"
BOOK_AND_QUILL,0,"bookandquill,book&quill,386"
BOOKSHELF,0,"bookcase,bookshelves,bookshelf,47"
BOW,0,"bow,bowandarrow,bow&arrow,bow_and_arrow,bow_&_arrow,261"
BOWL,0,"bowl,281"
BREAD,0,"bread,297"
BREWING_STAND,0,"brewingstandblock,117"
BREWING_STAND_ITEM,0,"brew_stand,brewingstand,brewing_stand,379"
BRICK,0,"brick_block,brickblock,45"
BRICK_STAIRS,0,"brick_steps,brick_stairs,brick_stair,brickstair,bricksteps,brickstep,108"
BROWN_MUSHROOM,0,"brown_mushroom,brownmushroom,39"
BUCKET,0,"bucket,325"
BURNING_FURNACE,0,"burningfurnace,burning_furnace,62"
CACTUS,0,"cactus,cacti,81"
CAKE,0,"cake,354"
CAKE_BLOCK,0,"cakeblock,cake_block,92"
CARPET,0,"carpet,whitecarpet,carpetwhite,carpet:white,171:white,white_carpet,171"
CARPET,1,"orangecarpet,carpetorange,carpet:orange,171:orange,orange_carpet"
CARPET,10,"purplecarpet,carpetpurple,purple_carpet,171:purple,carpet:purple"
CARPET,11,"bluecarpet,carpetblue,blue_carpet,171:blue,carpet:blue"
CARPET,12,"browncarpet,carpetbrown,brown_carpet,171:brown,carpet:brown"
CARPET,13,"greencarpet,carpetgreen,green_carpet,171:green,carpet:green"
CARPET,14,"redcarpet,carpetred,red_carpet,171:red,carpet:red"
CARPET,15,"blackcarpet,carpetblack,black_carpet,171:black,carpet:black"
CARPET,2,"magentacarpet,carpetmagenta,carpet:magenta,171:magenta,magenta_carpet"
CARPET,3,"lightbluecarpet,carpetlightblue,carpet:lightblue,171:lightblue,light_blue_carpet"
CARPET,4,"yellowcarpet,carpetyellow,yellow_carpet,171:yellow,carpet:yellow"
CARPET,5,"limecarpet,carpetlime,lime_carpet,171:lime,carpet:lime"
CARPET,6,"pinkcarpet,carpetpink,pink_wook,171:pink,carpet:pink"
CARPET,7,"graycarpet,carpetgray,gray_carpet,171:gray,carpet:gray,greycarpet,carpetgrey,grey_carpet,171:grey,carpet:grey"
CARPET,8,"lightgraycarpet,carpetlightgray,light_gray_carpet,171:lightgray,carpet:lightgray,lightgreycarpet,carpetlightgrey,171:lightgrey,carpet:lightgrey,light_grey_carpet"
CARPET,9,"cyancarpet,carpetcyan,cyan_carpet,171:cyan,carpet:cyan"
CARROT,0,"carrotblock,141"
CARROT_ITEM,0,"carrots,carrot,391"
CARROT_STICK,0,"carrotstick,carrotonstick,carrotonastick,carrot_on_stick,carrot_on_a_stick,398"
CAULDRON,0,"cauldronblock,cauldron_block,118"
CAULDRON_ITEM,0,"cauldron,380"
CHAINMAIL_BOOTS,0,"chainboots,chain_boots,chainshoes,chain_shoes,chainmailboots,chainmail_boots,chainmailshoes,chainmail_shoes,cboots,cshoes,305"
CHAINMAIL_CHESTPLATE,0,"chainchestplate,chain_chestplate,chain_torso,chaintorso,chainmailchestplate,chainmail_chestplate,chainmail_torso,chainmailtorso,ctorso,cchestplate,303"
CHAINMAIL_HELMET,0,"chainhelmet,chainhelm,chainhat,chain_helm,chain_hat,_chain_helmet,chainmailhelmet,chainmailhelm,chainmailhat,chainmail_helm,chainmail_hat,_chainmail_helmet,chelm,chelmet,302"
CHAINMAIL_LEGGINGS,0,"chainleggings,chainpants,chain_legs,chainlegs,chain_pants,chain_leggings,chainmailleggings,chainmailpants,chainmail_legs,chainmaillegs,chainmail_pants,chainmail_leggings,cleggings,cpants,clegs,304"
CHEST,0,"chest,54"
CLAY,0,"clayblock,clay_block,blockofclay,82"
CLAY_BALL,0,"clay,clayball,337"
CLAY_BRICK,0,"clay_brick,claybrick,336"
COAL,0,"coal,263"
COAL,1,"charcoal"
COAL_BLOCK,0,"coalblock,coal_block,block_coal,blockcoal,173"
COAL_ORE,0,"coalore,coal_ore,orecoal,ore_coal,16"
COBBLE_WALL,0,"cobblewall,cobblestone_wall,cobblestonewall,139"
COBBLESTONE,0,"cobble,cobblestone,4"
COBBLESTONE_STAIRS,0,"cobblestonestairs,cobblestone_stairs,cobblestairs,cobble_stairs,67"
COCOA,0,"cocaplant,coca_plant,cocoaplant,cocoa_plant,cocoapod,cocoa_pod,127"
COMMAND,0,"commandblock,137"
COMMAND_MINECART,0,"commandblockminecart,minecartcommandblock,422"
COMPASS,0,"compass,345"
COOKED_BEEF,0,"steak,cooked_beef,cookedbeef,sirloin,364"
COOKED_CHICKEN,0,"chicken,cookedchicken,cooked_chicken,366"
COOKED_FISH,0,"cookedfish,cooked_fish,fish,350"
COOKED_FISH,1,"cooked_salmon,cookedsalmon"
COOKED_MUTTON,0,"cookedmutton"
COOKED_RABBIT,0,"cookedrabbit,cookedrabbithaunch,cookedrabbitmeat"
COOKIE,0,"cookie,357"
CROPS,0,"crops,59"
DARK_OAK_DOOR,0,"darkoakdoorblock,doorblock:darkoak"
DARK_OAK_DOOR_ITEM,0,"darkoakdoor,door:darkoak"
DARK_OAK_FENCE,0,"darkoakfence,fence:darkoak"
DARK_OAK_FENCE_GATE,0,"darkoakfencegate,fencegate:darkoak"
DARK_OAK_STAIRS,0,"darkoakstairs,164"
DAYLIGHT_DETECTOR,0,"daylightdetector,daylightsensor,151"
DAYLIGHT_DETECTOR_INVERTED,0,"inverteddaylightdetector,daylightdetectorinverted"
DEAD_BUSH,0,"deadbush,dead_bush,32"
DETECTOR_RAIL,0,"detector_rail,detectorrail,28"
DIAMOND,0,"diamond,diamonds,264"
DIAMOND_AXE,0,"diamondaxe,diamond_axe,daxe,279"
DIAMOND_BARDING,0,"diamondhorsearmor,dhorsearmor,diamond_horse,armor,diamond_horsearmor,419"
DIAMOND_BLOCK,0,"diamondblock,diamond_block,blockofdiamond,57"
DIAMOND_BOOTS,0,"diamondboots,diamond_boots,diamondshoes,diamond_shoes,313"
DIAMOND_CHESTPLATE,0,"diamondchestplate,diamond_chestplate,diamond_torso,diamondtorso,dtorso,dchestplate,311"
DIAMOND_HELMET,0,"diamondhelmet,diamondhelm,diamondhat,diamond_helm,diamond_hat,diamond_helmet,dhelm,dhelmet,310"
DIAMOND_HOE,0,"diamond_hoe,diamondhoe,dhoe,293"
DIAMOND_LEGGINGS,0,"diamondleggings,diamondpants,diamond_legs,diamondlegs,diamond_pants,diamond_leggings,dlegs,dpants,dleggings,312"
DIAMOND_ORE,0,"diamondore,56"
DIAMOND_PICKAXE,0,"diamondpickaxe,diamond_pickaxe,diamondpick,diamond_pick,dpick,278"
DIAMOND_SPADE,0,"diamondshovel,diamond_shovel,diamondspade,dspade,dshovel,277"
DIAMOND_SWORD,0,"diamondsword,diamond_sword,dsword,276"
DIODE,0,"diode,redstone_repeater,redstonrepeater,repeater,356"
DIODE_BLOCK_OFF,0,"redstonerepeater,repeater,redstone_repeater,diode,93"
DIODE_BLOCK_ON,0,"redstonerepeateron,repeateron,repeater_on,redstone_repeater_on,diodeon,diode_on,94"
DIRT,0,"dirt,dirtblock,3"
DIRT,2,"podzol"
DISPENSER,0,"dispenser,23"
DOUBLE_PLANT,0,"sunflower,175"
DOUBLE_PLANT,1,"lilac"
DOUBLE_PLANT,2,"doubletallgrass"
DOUBLE_PLANT,3,"largefern"
DOUBLE_PLANT,4,"rosebush"
DOUBLE_PLANT,5,"peony"
DOUBLE_STEP,0,"double_slab,doubleslab,stone_double_slab,stonedoubleslab,double_step,doublestep,stone_double_step,stonedoublestep,43"
DOUBLE_STEP,1,"sandstone_double_slab,sandstone_double_slab"
DOUBLE_STEP,2,"wood_double_slab,wood_double_slab,wooden_double_slab,wooden_double_slab,wood_slab_double,wooden_slab_double,double_wood_slab,double_wooden_slab"
DOUBLE_STEP,3,"cobbledoubleslab"
DOUBLE_STEP,4,"brickdoubleslab"
DOUBLE_STEP,5,"stonebrickdoubleslab,stone_brick_double_slab"
DOUBLE_STONE_SLAB2,0,"doublestoneslab2"
DRAGON_EGG,0,"dragonegg,dragon_egg,122"
DROPPER,0,"dropper,158"
EGG,0,"egg,344"
EMERALD,0,"emerald,emeralds,388"
EMERALD_BLOCK,0,"emeraldblock,emerald_block,blockofemerald,133"
EMERALD_ORE,0,"emeraldore,emerald_ore,129"
EMPTY_MAP,0,"emptymap,blankmap,blank_map,395"
ENCHANTED_BOOK,0,"enchantedbook,403"
ENCHANTMENT_TABLE,0,"enchantingtable,enchantmenttable,116"
ENDER_CHEST,0,"enderchest,ender_chest,130"
ENDER_PEARL,0,"enderpearl,368"
ENDER_PORTAL,0,"endportal,end_portal,enderportal,ender_portal,119"
ENDER_PORTAL_FRAME,0,"enderportalframe,endportalframe,120"
ENDER_STONE,0,"endstone,end_stone,enderstone,ender_stone,121"
EXP_BOTTLE,0,"bottleofenchanting,bottle-o-enchanting,bottle-o'-enchanting,bottleoenchanting,enchantingbottle,384"
EXPLOSIVE_MINECART,0,"tntminecart,407"
EYE_OF_ENDER,0,"eyeofender,endereye,381"
FEATHER,0,"feather,288"
FENCE,0,"fence,woodfence,85"
FENCE_GATE,0,"fencegate,gate,fence_gate,107"
FERMENTED_SPIDER_EYE,0,"fermentedspidereye,376"
FIRE,0,"fire,51"
FIREBALL,0,"firecharge,385"
FIREWORK,0,"firework,401"
FIREWORK_CHARGE,0,"fireworkcharge,402"
FISHING_ROD,0,"fishingpole,fishing_pole,fishingrod,346"
FLINT,0,"flint,318"
FLINT_AND_STEEL,0,"flint_and_steel,flint_steel,flint_tinder,flint_and_tinder,flint_&_steel,flint&steel,flintandsteel,259"
FLOWER_POT,0,"flowerpotblock,140"
FLOWER_POT_ITEM,0,"flowerpot,390"
FURNACE,0,"furnace,smelter,61"
GHAST_TEAR,0,"ghasttear,370"
GLASS,0,"glass,glassblock,glass_block,20"
GLASS_BOTTLE,0,"glassbottle,bottle,emptybottle,374"
GLOWING_REDSTONE_ORE,0,"redstoneoreglowing,redstone_ore_glowing,74"
GLOWSTONE,0,"glowstone,89"
GLOWSTONE_DUST,0,"glowstonedust,glowstone_dust,348"
GOLD_AXE,0,"gold_axe,goldaxe,golden_axe,goldenaxe,gaxe,286"
GOLD_BARDING,0,"goldhorsearmor,ghorsearmor,gold_horse_armor,gold_horsearmor,418"
GOLD_BLOCK,0,"gold_block,goldblock,blockofgold,41"
GOLD_BOOTS,0,"goldboots,gold_boots,goldshoes,gold_shoes,gboots,gshoes,317"
GOLD_CHESTPLATE,0,"goldchestplate,gold_chestplate,gold_torso,goldtorso,315"
GOLD_HELMET,0,"goldhelmet,goldhelm,goldhat,gold_helm,gold_hat,gold_helmet,ghelm,ghelmet,314"
GOLD_HOE,0,"gold_hoe,goldhoe,294"
GOLD_INGOT,0,"gold_bar,goldbar,gold_ingot,goldingot,gingot,gold,266"
GOLD_LEGGINGS,0,"goldleggings,goldpants,gold_legs,goldlegs,gold_pants,gold_leggings,glegs,gleggings,gpants,316"
GOLD_NUGGET,0,"goldnugget,371"
GOLD_ORE,0,"goldore,gold_ore,ore_gold,oregold,14"
GOLD_PICKAXE,0,"gold_pick,goldpick,gold_pickaxe,goldpickaxe,golden_pick,goldenpick,golden_pickaxe,goldenpickaxe,gpick,285"
GOLD_PLATE,0,"goldplate,147"
GOLD_RECORD,0,"thirteen,2256"
GOLD_SPADE,0,"gold_shovel,goldshovel,gold_spade,goldspade,golden_shovel,goldenshovel,golden_spade,goldenspade,gshovel,gspade,284"
GOLD_SWORD,0,"gold_sword,goldsword,golden_sword,goldensword,gsword,283"
GOLDEN_APPLE,0,"goldapple,goldenapple,gold_apple,322"
GOLDEN_CARROT,0,"goldencarrot,396"
GRASS,0,"grass,grassydirt,2"
GRAVEL,0,"gravel,13"
GREEN_RECORD,0,"cat,2257"
GRILLED_PORK,0,"cookedpork,cookedporkchop,320"
HARD_CLAY,0,"hardenedclay,hardclay,hardclay_block,hardenedclay_block,hardclayblock,hardenedclayblock,172"
HAY_BLOCK,0,"hay,hayblock,hay_block,170"
HOPPER,0,"hopper,154"
HOPPER_MINECART,0,"hopperminecart,408"
HUGE_MUSHROOM_1,0,"brownmushroomblock,brown_mushroom_block,99"
HUGE_MUSHROOM_2,0,"redmushroomblock,red_mushroom_block,100"
ICE,0,"ice,79"
INK_SACK,0,"inksac,ink_sac,ink_sack,inksack,black_dye,blackdye,351"
INK_SACK,1,"rose_red_dye,rosereddye,rosered,rose_red,reddye"
INK_SACK,10,"lime_dye,limedye"
INK_SACK,11,"yellow_dye,yellowdye,dandelion_yellow_dye,dandelionyellowdye"
INK_SACK,12,"light_blue_dye,lightbluedye"
INK_SACK,13,"magenta_dye,magentadye"
INK_SACK,14,"orange_dye,orangedye"
INK_SACK,15,"bonemeal,bone_meal,whitedye,white_dye"
INK_SACK,2,"cactus_green_dye,cactusgreendye,cactusgreen,cactus_green,green_dye,greendye"
INK_SACK,3,"cocoa_bean,coca_bean,cocoabean,cocabean,cocoa_beans,cocoabeans,coca_beans,cocabeans,browndye,brown_dye"
INK_SACK,4,"lapis_lazui,lapislazuli,lapis,bluedye,blue_dye"
INK_SACK,5,"purple_dye,purpledye"
INK_SACK,6,"cyan_dye,cyandye"
INK_SACK,7,"light_gray_dye,lightgraydye,light_grey_dye,lightgreydye"
INK_SACK,8,"gray_dye,grey_dye,graydye,greydye"
INK_SACK,9,"pink_dye,pinkdye"
IRON_AXE,0,"iron_axe,ironaxe,iaxe,258"
IRON_BARDING,0,"ironhorsearmor,ihorsearmor,iron_horse_armor,iron_horsearmor,417"
IRON_BLOCK,0,"iron_block,ironblock,blockofiron,42"
IRON_BOOTS,0,"ironboots,iron_boots,ironshoes,iron_shoes,iboots,ishoes,309"
IRON_CHESTPLATE,0,"ironchestplate,iron_chestplate,iron_torso,irontorso,307"
IRON_DOOR,0,"irondoor,iron_door,330"
IRON_DOOR_BLOCK,0,"iron_door_block,irondoorblock,71"
IRON_FENCE,0,"iron_bar,iron_bars,ironbars,ironbar,101"
IRON_HELMET,0,"ironhelmet,ironhelm,ironhat,iron_helm,iron_hat,iron_helmet,ihelm,ihelmet,306"
IRON_HOE,0,"iron_hoe,ironhoe,ihoe,292"
IRON_INGOT,0,"iron_ingot,ironingot,iingot,iron,265"
IRON_LEGGINGS,0,"ironleggings,ironpants,iron_legs,ironlegs,iron_pants,iron_leggings,ilegs,ipants,ileggings,308"
IRON_ORE,0,"ironore,iron_ore,oreiron,ore_iron,15"
IRON_PICKAXE,0,"iron_pick,iron_pickaxe,ironpick,ironpickaxe,ipick,257"
IRON_PLATE,0,"ironplate,148"
IRON_SPADE,0,"iron_shovel,iron_spade,ironshovel,ironspade,ispade,ishovel,256"
IRON_SWORD,0,"iron_sword,ironsword,isword,267"
IRON_TRAPDOOR,0,"irontrapdoor"
ITEM_FRAME,0,"itemframe,389"
JACK_O_LANTERN,0,"jack-o-lantern,jackolantern,91"
JUKEBOX,0,"jukebox,radio,84"
JUNGLE_DOOR,0,"jungledoorblock,doorblock:jungle"
JUNGLE_DOOR_ITEM,0,"jungledoor,door:jungle"
JUNGLE_FENCE,0,"junglefence,fence:jungle"
JUNGLE_FENCE_GATE,0,"junglefencegate,fencegate:jungle"
JUNGLE_WOOD_STAIRS,0,"junglewoodstairs,junglestairs,jungle_stairs,136"
LADDER,0,"ladder,65"
LAPIS_BLOCK,0,"lapis,lapis_block,lapisblock,22"
LAPIS_ORE,0,"lapisore,lapis_ore,orelapis,ore_lapis,21"
LAVA,0,"lava,movinglava,moving_lava,runninglava,running_lava,10"
LAVA_BUCKET,0,"lavabucket,lbucket,327"
LEASH,0,"lead,420"
LEATHER,0,"leather,334"
LEATHER_BOOTS,0,"leatherboots,leather_boots,leathershoes,leather_shoes,lboots,lshoes,301"
LEATHER_CHESTPLATE,0,"leatherchestplate,leather_chestplate,leather_torso,leathertorso,ltorso,lchestplate,299"
LEATHER_HELMET,0,"leatherhelmet,leatherhelm,leatherhat,leather_helm,leather_hat,_leather_helmet,lhelm,lhelmet,298"
LEATHER_LEGGINGS,0,"leatherleggings,leatherpants,leather_legs,leatherlegs,leather_pants,leather_leggings,lleggings,lpants,llegs,300"
LEAVES,0,"leaves,oakleaves,18"
LEAVES,1,"spruceleaves,pineleaves"
LEAVES,2,"birchleaves"
LEAVES,3,"jungleleaves"
LEAVES_2,0,"acacialeaves,161"
LEVER,0,"lever,69"
LOCKED_CHEST,0,"lockedchest,lockchest"
LOG,0,"log,oaklog,oak_log,17"
LOG,1,"pine,pinelog,pine_log,spruce,sprucelog,spruce_log"
LOG,2,"birchlog,birch_log"
LOG,3,"junglelog,jungle_log"
LOG_2,0,"acaciawood,162"
LOG_2,1,"darkwood"
LONG_GRASS,0,"deadshrub,dead_shrub,31"
LONG_GRASS,1,"tallgrass,tall_grass"
LONG_GRASS,2,"fern"
MAGMA_CREAM,0,"magmacream,378"
MAP,0,"map,358"
MELON,0,"melon,melonslice,melon_slice,360"
MELON_BLOCK,0,"melon_block,melonblock,103"
MELON_SEEDS,0,"melonseeds,melon_seeds,362"
MELON_STEM,0,"melonvine,melon_vine,105"
MILK_BUCKET,0,"milkbucket,milk_bucket,milk,mbucket,335"
MINECART,0,"minecart,328"
MOB_SPAWNER,0,"mobspawner,monsterspawner,52"
MONSTER_EGG,0,"monsteregg"
MONSTER_EGG,100,"horse_spawn_egg,horsespawnegg,horseegg"
MONSTER_EGG,120,"villager_spawn_egg,villagerspawnegg,villageregg"
MONSTER_EGG,50,"creeper_spawn_egg,creeperspawnegg,creeperegg"
MONSTER_EGG,51,"skeleton_spawn_egg,skeletonspawnegg,skeletonegg"
MONSTER_EGG,52,"spider_spawn_egg,spiderspawnegg,spideregg"
MONSTER_EGG,54,"zombie_spawn_egg,zombiespawnegg,zombieegg"
MONSTER_EGG,55,"slime_spawn_egg,slimespawnegg,slimeegg"
MONSTER_EGG,56,"ghast_spawn_egg,ghastspawnegg,ghastegg"
MONSTER_EGG,57,"zombe_pigman_spawn_egg,zombiepigmanspawnegg,zombiepigmanegg"
MONSTER_EGG,58,"enderman_spawn_egg,endermanspawnegg,endermanegg"
MONSTER_EGG,59,"cave_spider_spawn_egg,cavespider_spawn_egg,cavespideregg"
MONSTER_EGG,60,"silverfish_spawn_egg,silverfishspawnegg,silverfishegg"
MONSTER_EGG,61,"blaze_spawn_egg,blazespawnegg,blazeegg"
MONSTER_EGG,62,"magma_cube_spawn_egg,magmacubespawnegg,magmacubeegg"
MONSTER_EGG,90,"pig_spawn_egg,pigspawnegg,pigegg"
MONSTER_EGG,91,"sheep_spawn_egg,sheepspawnegg,sheepegg"
MONSTER_EGG,92,"cow_spawn_egg,cowspawnegg,cowegg"
MONSTER_EGG,93,"chicken_spawn_egg,chickenspawnegg,chickenegg"
MONSTER_EGG,94,"squid_spawn_egg,squidspawnegg,squidegg"
MONSTER_EGG,95,"wolf_spawn_egg,wolfspawnegg,wolfegg"
MONSTER_EGG,96,"mooshroom_spawn_egg,mooshroomspawnegg,mooshroomegg"
MONSTER_EGG,98,"ocelot_spawn_egg,ocelotspawnegg,ocelotegg"
MONSTER_EGGS,0,"silverfishstone,97"
MONSTER_EGGS,1,"silverfishcobblestone,silverfishcobble"
MONSTER_EGGS,2,"silverfishstonebrick"
MOSSY_COBBLESTONE,0,"moss_stone,mossstone,mossycobble,mossycobblestone,mossy_cobble,mossy_cobblestone,48"
MUSHROOM_SOUP,0,"mushroomstew,mushroom_stew,stew,mushroomsoup,soup,282"
MUTTON,0,"mutton"
MYCEL,0,"mycelium,mycel,110"
NAME_TAG,0,"tag,nametag,421"
NETHER_BRICK,0,"netherbrick_block,netherbrick,nether_brick,112"
NETHER_BRICK_ITEM,0,"netherbrick,405"
NETHER_BRICK_STAIRS,0,"netherbrick_stair,nether_brick_stair,nether_brick_step,114"
NETHER_FENCE,0,"netherbrick_fence,nether_brick_fence,netherbrickfence,113"
NETHER_STALK,0,"netherwartseeds,nether_wart_seeds,wartseeds,wart_seeds,372"
NETHER_STAR,0,"netherstar,399"
NETHER_WARTS,0,"netherwart,nether_wart,115"
NETHERRACK,0,"netherrack,netherack,87"
NOTE_BLOCK,0,"noteblock,note,note_block,25"
OBSIDIAN,0,"obsidian,49"
PACKED_ICE,0,"packedice,packice,174"
PAINTING,0,"painting,art,321"
PAPER,0,"paper,339"
PISTON_BASE,0,"piston,33"
PISTON_EXTENSION,0,"pistonhead,34"
PISTON_MOVING_PIECE,0,"moving_piston,movingpiston,36"
PISTON_STICKY_BASE,0,"stickypiston,sticky_piston,29"
POISONOUS_POTATO,0,"poisonpotato,poison_potato,poisonouspotato,394"
PORK,0,"pork,rawpork,rawporkchop,meat,319"
PORTAL,0,"portal,90"
POTATO,0,"potatoblock,142"
POTATO_ITEM,0,"potatos,potato,392"
POTION,0,"water_bottle,waterbottle,373"
POWERED_MINECART,0,"poweredminecart,powered_minecart,343"
POWERED_RAIL,0,"powered_rail,poweredrail,27"
PRISMARINE,0,"prismarine"
PRISMARINE_CRYSTALS,0,"prismarinecrystals,prismarinecrystal"
PRISMARINE_SHARD,0,"prismarineshard"
PUMPKIN,0,"pumpkin,86"
PUMPKIN_PIE,0,"pumpkinpie,pie,400"
PUMPKIN_SEEDS,0,"pumpkinseeds,pumpkin_seeds,361"
PUMPKIN_STEM,0,"pumpkinvine,pumpkin_vine,104"
QUARTZ,0,"quartz,406"
QUARTZ_BLOCK,0,"quartzblock,155"
QUARTZ_ORE,0,"quartzore,netherquartzore,153"
QUARTZ_STAIRS,0,"quartzstairs,156"
RABBIT,0,"rabbithaunch,rabbitmeat"
RABBIT_FOOT,0,"rabbitfoot"
RABBIT_HIDE,0,"rabbithide"
RABBIT_STEW,0,"rabbitstew,rabbitsoup"
RAILS,0,"rail,minecarttracks,tracks,66"
RAW_BEEF,0,"raw_beef,rawbeef,363"
RAW_CHICKEN,0,"rawchicken,raw_chicken,365"
RAW_FISH,0,"raw_fish,rawfish,349"
RAW_FISH,1,"raw_salmon,rawsalmon"
RAW_FISH,2,"clownfish"
RAW_FISH,3,"pufferfish"
RECORD_10,0,"ward,2265"
RECORD_11,0,"eleven,2266"
RECORD_12,0,"wait,2267"
RECORD_3,0,"blocks,2258"
RECORD_4,0,"chirp,2259"
RECORD_5,0,"far,2260"
RECORD_6,0,"mall,2261"
RECORD_7,0,"mellohi,2262"
RECORD_8,0,"stal,2263"
RECORD_9,0,"strad,2264"
RED_MUSHROOM,0,"red_mushroom,redmushroom,40"
RED_ROSE,0,"poppy,38"
RED_ROSE,1,"blueorchid"
RED_ROSE,2,"allium"
RED_ROSE,3,"azurebluet"
RED_ROSE,4,"redtulip"
RED_ROSE,5,"orangetulip"
RED_ROSE,6,"whitetulip"
RED_ROSE,7,"pinktulip"
RED_ROSE,8,"oxeyedaisy"
RED_SANDSTONE,0,"redsandstone"
RED_SANDSTONE_STAIRS,0,"redsandstonestairs"
REDSTONE,0,"redstone,redstonedust,redstone_dust,331"
REDSTONE_BLOCK,0,"redstoneblock,152"
REDSTONE_COMPARATOR,0,"redstonecomparator,comparator,404"
REDSTONE_COMPARATOR_OFF,0,"redstonecomparatoroff,149"
REDSTONE_COMPARATOR_ON,0,"redstonecomparatoron,150"
REDSTONE_LAMP_OFF,0,"redstonelamp,redstone_lamp,redstonelampoff,redstone_lamp_off,123"
REDSTONE_LAMP_ON,0,"redstonelampon,redstone_lamp_on,124"
REDSTONE_ORE,0,"redstoneore,redstone_ore,73"
REDSTONE_TORCH_OFF,0,"redstonetorchoff,redstone_torch_off,75"
REDSTONE_TORCH_ON,0,"redstonetorch,redstone_torch,76"
REDSTONE_WIRE,0,"redstonewire,redstone_wire,55"
ROTTEN_FLESH,0,"rottenflesh,367"
SADDLE,0,"saddle,horsesaddle,horse_saddle,329"
SAND,0,"sand,12"
SAND,1,"redsand"
SANDSTONE,0,"sandstone,24"
SANDSTONE_STAIRS,0,"sandstone_stairs,sandstonestairs,128"
SAPLING,0,"sapling,oaksapling,6"
SAPLING,1,"sprucesapling,pinesapling"
SAPLING,2,"birchsapling"
SAPLING,3,"junglesapling"
SEA_LANTERN,0,"sealantern"
SEEDS,0,"seed,seeds,295"
SHEARS,0,"shears,359"
SIGN,0,"sign,323"
SIGN_POST,0,"signblock,sign_block,63"
SKULL,0,"headblock,skullblock,144"
SKULL_ITEM,0,"skull,head,397"
SLIME_BALL,0,"slimeball,341"
SLIME_BLOCK,0,"slimeblock"
SMOOTH_BRICK,0,"stonebricks,stonebrick,98"
SMOOTH_BRICK,1,"mossystonebricks,mossstonebrick,mossystonebrick,mossy_stone_brick,stonebrickmossy,stone_brick_mossy"
SMOOTH_BRICK,2,"crackedstonebrick,cracked_stone_brick"
SMOOTH_BRICK,3,"circlestonebrick,circle_stone_brick,chiseledstonebrick,chiseled_stone_brick,chiseledbrick,chiseled_brick,chiseledstone,chiseled_stone"
SMOOTH_STAIRS,0,"stone_brick_steps,stonebricksteps,smoothstairs,smoothbrickstairs,smooth_stairs,smooth_brick_stairs,stone_brick_stairs,smooth_brick_stairs,109"
SNOW,0,"snow,snow_layer,78"
SNOW_BALL,0,"snowball,332"
SNOW_BLOCK,0,"snowblock,snow_block,blockofsnow,80"
SOIL,0,"farmland,soil,60"
SOUL_SAND,0,"soulsand,soul_sand,88"
SPECKLED_MELON,0,"glisteningmelon,382"
SPIDER_EYE,0,"spidereye,375"
SPONGE,0,"sponge,19"
SPRUCE_DOOR,0,"sprucedoorblock,doorblock:spruce"
SPRUCE_DOOR_ITEM,0,"sprucedoor,door:spruce"
SPRUCE_FENCE,0,"sprucefence,fence:spruce"
SPRUCE_FENCE_GATE,0,"sprucefencegate,fencegate:spruce"
SPRUCE_WOOD_STAIRS,0,"sprucewoodstairs,sprucestairs,spruce_stairs,134"
STAINED_CLAY,0,"stained_clay,stainedclayblock,stained_clay_block,whitestainedclay,159"
STAINED_CLAY,1,"orangestainedclay"
STAINED_CLAY,10,"purplestainedclay"
STAINED_CLAY,11,"bluestainedclay"
STAINED_CLAY,12,"brownstainedclay"
STAINED_CLAY,13,"greenstainedclay"
STAINED_CLAY,14,"redstainedclay"
STAINED_CLAY,15,"blackstainedclay"
STAINED_CLAY,2,"magentastainedclay"
STAINED_CLAY,3,"lightbluestainedclay"
STAINED_CLAY,4,"yellowstainedclay"
STAINED_CLAY,5,"limestainedclay"
STAINED_CLAY,6,"pinkstainedclay"
STAINED_CLAY,7,"graystainedclay,greystainedclay"
STAINED_CLAY,8,"lightgraystainedclay,lightgreystainedclay"
STAINED_CLAY,9,"cyanstainedclay"
STAINED_GLASS,0,"stainedglass,whitestainedglass,95"
STAINED_GLASS,1,"orangestainedglass"
STAINED_GLASS,10,"purplestainedglass"
STAINED_GLASS,11,"bluestainedglass"
STAINED_GLASS,12,"brownstainedglass"
STAINED_GLASS,13,"greenstainedglass"
STAINED_GLASS,14,"redstainedglass"
STAINED_GLASS,15,"blackstainedglass"
STAINED_GLASS,2,"magentastainedglass"
STAINED_GLASS,3,"lightbluestainedglass"
STAINED_GLASS,4,"yellowstainedglass"
STAINED_GLASS,5,"limestainedglass"
STAINED_GLASS,6,"pinkstainedglass"
STAINED_GLASS,7,"graystainedglass,greystainedglass"
STAINED_GLASS,8,"lightgraystainedglass,lightgreystainedglass"
STAINED_GLASS,9,"cyanstainedglass"
STAINED_GLASS_PANE,0,"stainedglasspane"
STAINED_GLASS_PANE,1,"orangestainedglasspane"
STAINED_GLASS_PANE,10,"purplestainedglasspane"
STAINED_GLASS_PANE,11,"bluestainedglasspane"
STAINED_GLASS_PANE,12,"brownstainedglasspane"
STAINED_GLASS_PANE,13,"greenstainedglasspane"
STAINED_GLASS_PANE,14,"redstainedglasspane"
STAINED_GLASS_PANE,15,"blackstainedglasspane"
STAINED_GLASS_PANE,2,"magentastainedglasspane"
STAINED_GLASS_PANE,3,"lightbluestainedglasspane"
STAINED_GLASS_PANE,4,"yellowstainedglasspane"
STAINED_GLASS_PANE,5,"limestainedglasspane"
STAINED_GLASS_PANE,6,"pinkstainedglasspane"
STAINED_GLASS_PANE,7,"graystainedglasspane,greystainedglasspane"
STAINED_GLASS_PANE,8,"lightgraystainedglasspane,lightgreystainedglasspane"
STAINED_GLASS_PANE,9,"cyanstainedglasspane"
STANDING_BANNER,0,"standingbanner"
STATIONARY_LAVA,0,"stilllava,still_lava,stationary_lava,stationarylava,11"
STATIONARY_WATER,0,"stillwater,still_water,stationarywater,stationary_water,9"
STEP,0,"stone_slab,stoneslab,step,stone_step,stonestep,slab,44"
STEP,1,"sandstone_half_slab,sandstone_half_slab"
STEP,2,"wood_half_slab,wood_half_slab,wooden_half_slab,wooden_half_slab,wood_slab_half,wooden_slab_half,half_wood_slab,half_wooden_slab"
STEP,3,"cobblestone_slab,cobblestoneslab,cobbleslab,cobblehalfslab"
STEP,4,"brick_slab,brickhalfslab"
STEP,5,"stone_brick_slab,stonebrickslab,stonebrick_slab,stonebrickhalfslab"
STEP,6,"nether_slab,netherbrickslab,nether_step,netherstep,netherbrickstep"
STEP,7,"quartz_slab,quartzslab,quartzstep,quartz_step"
STICK,0,"stick,280"
STONE,0,"stone,smoothstone,rock,1"
STONE_AXE,0,"stone_axe,stoneaxe,saxe,275"
STONE_BUTTON,0,"button,stonebutton,77"
STONE_HOE,0,"stone_hoe,stonehoe,shoe,291"
STONE_PICKAXE,0,"stone_pick,stonepick,stone_pickaxe,stonepickaxe,spick,274"
STONE_PLATE,0,"stoneplate,stonepressurepad,pressurepad,70"
STONE_SLAB2,0,"stoneslab2"
STONE_SPADE,0,"stone_shovel,stoneshovel,stonespade,stone_spade,sspade,sshovel,273"
STONE_SWORD,0,"stone_sword,stonesword,ssword,272"
STORAGE_MINECART,0,"storageminecart,storage_minecart,342"
STRING,0,"string,287"
SUGAR,0,"sugar,353"
SUGAR_CANE,0,"sugarcane,sugar_cane,reed,reeds,338"
SUGAR_CANE_BLOCK,0,"sugar_cane_block,sugarcaneblock,83"
SULPHUR,0,"gunpowder,sulfur,289"
THIN_GLASS,0,"glasspane,thin_glass,glass_pane,thinglass,102"
TNT,0,"tnt,explosives,46"
TORCH,0,"torch,torches,50"
TRAP_DOOR,0,"trapdoor,96"
TRAPPED_CHEST,0,"trappedchest,146"
TRIPWIRE,0,"tripwire,132"
TRIPWIRE_HOOK,0,"tripwirehook,131"
VINE,0,"vine,vines,106"
WALL_BANNER,0,"wallbanner"
WALL_SIGN,0,"sign_wall_block,signwallblock,68"
WATCH,0,"watch,347"
WATER,0,"water,runningwater,running_water,movingwater,moving_water,8"
WATER_BUCKET,0,"waterbucket,wbucket,326"
WATER_LILY,0,"lilypad,lilypads,111"
WEB,0,"web,spiderweb,spider_web,30"
WHEAT,0,"wheat,296"
WOOD,0,"plank,wooden_plank,plankwood,planks,wood,oakwood,oak_wood,5"
WOOD,1,"pineplanks,pine_planks,spruceplanks,spruce_planks,sprucewood,spruce_wood,pinewood,pine_wood"
WOOD,2,"birch_planks,birchplanks,birchwood,birch_wood"
WOOD,3,"jungle_planks,jungleplanks"
WOOD_AXE,0,"wood_axe,wood_axe,wooden_axe,woodaxe,waxe,271"
WOOD_BUTTON,0,"woodbutton,woodenbutton,wooden_button,143"
WOOD_DOOR,0,"wooddoor,woodendoor,wooden_door,324"
WOOD_DOUBLE_STEP,0,"oak_wood_slab_double,oakwoodslabdouble,125"
WOOD_DOUBLE_STEP,1,"pine_wood_slab_double,pinewoodslabdouble"
WOOD_DOUBLE_STEP,2,"birch_wood_slab_double,birchwoodslabdouble"
WOOD_DOUBLE_STEP,3,"jungle_wood_slab_double,junglewoodslabdouble"
WOOD_HOE,0,"wood_hoe,wooden_hoe,woodhoe,woodenhoe,whoe,290"
WOOD_PICKAXE,0,"wood_pick,woodpick,wooden_pick,wooden_pickaxe,woodenpickaxe,wpick,270"
WOOD_PLATE,0,"woodplate,woodenplate,wood_plate,wooden_plate,woodpressurepad,wood_pressure_pad,woodenpressurepad,wooden_pressure_pad,72"
WOOD_SPADE,0,"wood_shovel,woodshovel,wood_spade,woodspade,wooden_shovel,woodenshovel,woodenspade,wooden_spade,wspade,wshovel,269"
WOOD_STAIRS,0,"woodstairs,woodenstairs,wood_stairs,wooden_stairs,53"
WOOD_STEP,0,"oak_wood_slab,oakwoodslab,126"
WOOD_STEP,1,"pine_wood_slab,pinewoodslab,sprucewoodslab,spruce_wood_slab"
WOOD_STEP,2,"birch_wood_slab,birchwoodslab"
WOOD_STEP,3,"jungle_wood_slab,junglewoodslab"
WOOD_SWORD,0,"wood_sword,wooden_sword,woodsword,woodensword,wsword,268"
WOODEN_DOOR,0,"wood_door_block,wooddoorblock,woodendoorblock,wooden_door_block,64"
WOOL,0,"wool,whitewool,woolwhite,wool:white,35:white,white_wool,35"
WOOL,1,"orangewool,woolorange,wool:orange,35:orange,orange_wool"
WOOL,10,"purplewool,woolpurple,purple_wool,35:purple,wool:purple"
WOOL,11,"bluewool,woolblue,blue_wool,35:blue,wool:blue"
WOOL,12,"brownwool,woolbrown,brown_wool,35:brown,wool:brown"
WOOL,13,"greenwool,woolgreen,green_wool,35:green,wool:green"
WOOL,14,"redwool,woolred,red_wool,35:red,wool:red"
WOOL,15,"blackwool,woolblack,black_wool,35:black,wool:black"
WOOL,2,"magentawool,woolmagenta,wool:magenta,35:magenta,magenta_wool"
WOOL,3,"lightbluewool,woollightblue,wool:lightblue,35:lightblue,light_blue_wool"
WOOL,4,"yellowwool,woolyellow,yellow_wool,35:yellow,wool:yellow"
WOOL,5,"limewool,woollime,lime_wool,35:lime,wool:lime"
WOOL,6,"pinkwool,woolpink,pink_wook,35:pink,wool:pink"
WOOL,7,"graywool,woolgray,gray_wool,35:gray,wool:gray,greywool,woolgrey,grey_wool,35:grey,wool:grey"
WOOL,8,"lightgraywool,woollightgray,light_gray_wool,35:lightgray,wool:lightgray,lightgreywool,woollightgrey,35:lightgrey,wool:lightgrey,light_grey_wool"
WOOL,9,"cyanwool,woolcyan,cyan_wool,35:cyan,wool:cyan"
WORKBENCH,0,"craftingtable,workbench,craftingbench,worktable,58"
WRITTEN_BOOK,0,"writtenbook,written_book,387"
YELLOW_FLOWER,0,"yellow_flower,dandelion,yellowflower,flower,37"
